{
    "version": 1,
    "job_id": "XNAS-20251026-DCUCJYAYPX",
    "query": {
        "dataset": "XNAS.ITCH",
        "schema": "trades",
        "symbols": [
            "MSFT"
        ],
        "stype_in": "raw_symbol",
        "stype_out": "instrument_id",
        "start": 1654864200000000000,
        "end": 1654869600000000000,
        "limit": 1000,
        "encoding": "csv",
        "compression": null
    },
    "customizations": {
        "pretty_px": false,
        "pretty_ts": false,
        "map_symbols": true,
        "split_symbols": false,
        "split_duration": null,
        "split_size": null,
        "packaging": null,
        "delivery": "download"
    }
}